USE FILMES;

INSERT INTO Canal (num_canal, nome) VALUES
('111', 'AXN'),
('222', 'HBO'),
('333', 'CINEMAX'),
('444', 'TNT'),
(555, 'NETFLIX'),
(666, 'DISNEY+'),
(777, 'CRUNCHYROLL'),
(888, 'GLOBONEWS'),
(999, 'ESPN'),
(1000, 'FOX');

INSERT INTO Filme (num_filme, nome, ano, duracao) VALUES
('90001', 'Avatar', '2022', '162'),
('90002', 'Titanic', '2022', '194'),
('90003', 'Star Wars', '2022', NULL),
('90004', 'Vingadores Ultimato', '2022', '180'),
('90005', 'Lilo & Stich', '2025', '108'),
(90006, 'Pantera Negra', 2018, 134),
(90007, 'Matrix', 1999, 136),
(90008, 'O Rei Leão', 1994, 88),
(90009, 'Homem-Aranha: Sem Volta Para Casa', 2021, 148),
(90010, 'Frozen', 2013, 102),
(90011, 'Inception', 2010, 148),
(90012, 'Gladiador', 2000, 155),
(90013, 'Jurassic Park', 1993, 127),
(90014, 'Toy Story', 1995, 81),
(90015, 'Os Vingadores', 2012, 143),
(90016, 'Duna', 2021, 155),
(90017, 'Top Gun: Maverick', 2022, 131),
(90018, 'O Poderoso Chefão', 1972, 175),
(90019, 'Pulp Fiction', 1994, 154),
(90020, 'Forrest Gump', 1994, 142),
(90021, 'Interestelar', 2014, 169),
(90022, 'Coringa', 2019, 122),
(90023, 'Parasita', 2019, 132),
(90024, 'La La Land', 2016, 128),
(90025, 'Oppenheimer', 2023, 180),
(90026, 'Mad Max: Estrada da Fúria', 2015, 120),
(90027, 'Whiplash', 2014, 107),
(90028, 'Django Livre', 2012, 165),
(90029, 'Clube da Luta', 1999, 139),
(90030, 'A Origem', 2010, 148);

INSERT INTO Exibicao (num_filme, num_canal, data_exibicao, hora_exibicao) VALUES
('90001', '222', '2025-06-27', '14:00:00'),
('90003', '111', '2025-06-27', '19:45:00'),
('90002', '333', '2025-06-28', '09:30:00'),
('90002', '333', '2025-06-28', '20:30:00'),
('90005', '222', '2025-08-03', '16:20:00'),
('90005', '333', '2025-08-03', '16:20:00'),
(90006, 444, '2025-07-10', '21:00:00'),
(90006, 222, '2025-07-11', '15:00:00'),
(90007, 333, '2025-07-15', '23:30:00'),
(90008, 555, '2025-07-01', '10:00:00'),
(90009, 222, '2025-07-20', '18:15:00'),
(90009, 444, '2025-07-20', '22:00:00'),
(90010, 666, '2025-07-25', '17:00:00'),
(90010, 555, '2025-07-26', '11:00:00'),
(90011, 999, '2025-07-27', '21:30:00'),
(90012, 888, '2025-07-28', '20:00:00'),
(90013, 1000, '2025-07-29', '22:15:00'),
(90014, 555, '2025-07-30', '18:45:00'),
(90015, 222, '2025-07-31', '19:00:00'),
(90016, 555, '2025-08-05', '20:30:00'),
(90017, 444, '2025-08-06', '19:15:00'),
(90018, 222, '2025-08-07', '22:00:00'),
(90019, 333, '2025-08-08', '23:45:00'),
(90020, 666, '2025-08-09', '18:00:00'),
(90021, 555, '2025-08-10', '21:30:00'),
(90022, 1000, '2025-08-11', '22:15:00'),
(90023, 777, '2025-08-12', '19:00:00'),
(90024, 555, '2025-08-13', '17:45:00'),
(90025, 222, '2025-08-14', '20:00:00'),
(90026, 444, '2025-08-15', '21:30:00'),
(90027, 888, '2025-08-16', '23:00:00'),
(90028, 333, '2025-08-17', '19:15:00'),
(90029, 111, '2025-08-18', '00:30:00'),
(90030, 555, '2025-08-19', '20:45:00'),
(90001, 444, '2025-08-20', '15:00:00'),
(90003, 222, '2025-08-21', '18:30:00'),
(90007, 111, '2025-08-22', '22:45:00'),
(90011, 555, '2025-08-23', '21:00:00'),
(90015, 444, '2025-08-24', '19:30:00'),
(90021, 222, '2025-08-25', '20:15:00'),
(90025, 555, '2025-08-26', '18:00:00'),
(90029, 333, '2025-08-27', '23:15:00');

INSERT INTO Elenco (num_filme, nome_ator, protagonista) VALUES
(90016, 'Timothée Chalamet', TRUE),
(90016, 'Rebecca Ferguson', FALSE),
(90016, 'Oscar Isaac', FALSE),
(90016, 'Zendaya', FALSE),
(90017, 'Tom Cruise', TRUE),
(90017, 'Miles Teller', FALSE),
(90017, 'Jennifer Connelly', FALSE),
(90018, 'Marlon Brando', TRUE),
(90018, 'Al Pacino', TRUE),
(90018, 'James Caan', FALSE),
(90019, 'John Travolta', TRUE),
(90019, 'Uma Thurman', TRUE),
(90019, 'Samuel L. Jackson', TRUE),
(90020, 'Tom Hanks', TRUE),
(90020, 'Robin Wright', FALSE),
(90020, 'Gary Sinise', FALSE),
(90021, 'Matthew McConaughey', TRUE),
(90021, 'Anne Hathaway', TRUE),
(90021, 'Jessica Chastain', FALSE),
(90022, 'Joaquin Phoenix', TRUE),
(90022, 'Robert De Niro', FALSE),
(90022, 'Zazie Beetz', FALSE),
(90023, 'Song Kang-ho', TRUE),
(90023, 'Lee Sun-kyun', FALSE),
(90023, 'Cho Yeo-jeong', FALSE),
(90024, 'Ryan Gosling', TRUE),
(90024, 'Emma Stone', TRUE),
(90024, 'John Legend', FALSE),
(90025, 'Cillian Murphy', TRUE),
(90025, 'Emily Blunt', FALSE),
(90025, 'Robert Downey Jr.', FALSE),
(90026, 'Tom Hardy', TRUE),
(90026, 'Charlize Theron', TRUE),
(90026, 'Nicholas Hoult', FALSE),
(90027, 'Miles Teller', TRUE),
(90027, 'J.K. Simmons', FALSE),
(90027, 'Paul Reiser', FALSE),
(90028, 'Jamie Foxx', TRUE),
(90028, 'Christoph Waltz', TRUE),
(90028, 'Leonardo DiCaprio', FALSE),
(90029, 'Brad Pitt', TRUE),
(90029, 'Edward Norton', TRUE),
(90029, 'Helena Bonham Carter', FALSE),
(90030, 'Leonardo DiCaprio', TRUE),
(90030, 'Joseph Gordon-Levitt', FALSE),
(90030, 'Ellen Page', FALSE),
(90003, 'Alec Guinness', FALSE),
(90004, 'Chris Hemsworth', FALSE),
(90007, 'Hugo Weaving', FALSE),
(90011, 'Ellen Page', FALSE),
(90013, 'Jeff Goldblum', FALSE),
(90015, 'Chris Hemsworth', FALSE);